Cluster,b0,b1
cluster_NE_1,-0.358561604867797,0.0951610372017263
cluster_NE_2,-0.149255508429584,0.0881436429430769
cluster_S_1,-0.207760939779667,0.088336671974882
