Cluster,b0,b1
cluster_NE_1,-0.26296240441718,0.0920360562598953
cluster_S_1,-0.207760939779667,0.088336671974882
